time,dummyX,dummyY,dummyZ,fireHydrantX,fireHydrantY,fireHydrantZ,stopSignX,stopSignY,stopSignZ,bikeX,bikeY,bikeZ,leftSidewalkBoundZ,rightSidewalkBoundZ
17.02,9.00, 1.00, 2.00,4.50, 1.00, 2.00,4.00, 3.17, 3.00,-1.00, 1.50, 1.50,0.5,3.5
17.02,9.00, 0.93, 2.00,4.50, 1.00, 2.00,4.00, 3.17, 3.00,-1.00, 1.50, 1.50,0.5,3.5
17.04,9.00, 0.93, 2.00,4.50, 1.00, 2.00,4.00, 3.17, 3.00,-1.00, 1.50, 1.50,0.5,3.5
17.37333,9.00, 0.93, 2.00,4.50, 1.00, 2.00,4.00, 3.17, 3.00,-1.00, 1.50, 1.50,0.5,3.5
17.70667,9.00, 0.93, 2.00,4.50, 1.00, 2.00,4.00, 3.17, 3.00,-1.00, 1.50, 1.50,0.5,3.5
18.04,9.00, 0.93, 2.00,4.50, 1.00, 2.00,4.00, 3.17, 3.00,-1.00, 1.50, 1.50,0.5,3.5
18.37333,9.00, 0.93, 2.00,4.50, 1.00, 2.00,4.00, 3.17, 3.00,-1.00, 1.50, 1.50,0.5,3.5
